user_id,user_name,num_games,max_viewers
36954803,H2P_Gucio,5,4798
22186976,HCJustin,5,487
26301881,sodapoppin,4,28115
70298660,Skyyart,4,13778
131925215,김진우,4,12797
27115917,Kamet0,4,11476
40298003,HoneyMad,4,8862
40972890,AdmiralBahroo,4,8015
77827128,Tumblurr,4,7626
320878,ProtonJon,4,6260
246532465,Tiagovski555YT,4,6240
35933008,Moondye7,4,5220
34711476,JesusAVGN,4,4565
73004952,Rammus53,4,4194
89408007,Hype,4,4006
85800130,Etoiles,4,3709
38842801,JohnPitterTV,4,3460
73437396,Bonjwa,4,3395
101020771,repazmois,4,2897
89600394,TheRealMarzaa,4,2809
189260132,natalan,4,2593
40135340,FeelFIFAandGamingTV,4,2557
11249217,JakenbakeLIVE,4,2401
63072834,Delux,4,2352
62910856,NichtNilo,4,888
43320108,RmK_AE,4,648
38948853,MrRatSuper,4,262
54403037,Ydim69,4,119
147269603,OleMissEsports,4,94
456444689,RTSeSport_TV,4,69
107692134,KLIKBAIT,4,32
121203480,Yassuo,3,49897
22510310,GamesDoneQuick,3,39519
71092938,xQcOW,3,37598
23161357,LIRIK,3,33768
64342766,Trymacs,3,33273
83232866,ibai,3,22907
30857876,FolagorLives,3,16696
26610234,CohhCarnage,3,16265
38169925,INSCOPE21TV,3,14176
153353959,hardgamechannel,3,10283
60978448,dogdog,3,9699
25454398,Doigby,3,8772
451634552,egorkreed,3,7744
36620767,Agraelus,3,6326
38121996,BastiGHG,3,5682
25871845,bmkibler,3,5674
174955366,Solary,3,5651
102381201,따효니,3,5546
79774729,SpeedrunsEspanol,3,5542
18074328,Destiny,3,5349
12943173,pokelawls,3,5282
25058448,orslok,3,5245
14371185,Northernlion,3,4335
28575692,mistermv,3,4228
29468517,PAGO3,3,4189
503310135,Hafthorjulius,3,3952
94435040,AlphaCast,3,3816
177249859,pqueen,3,3812
55007706,SpeedrunsBrasil,3,3623
25604128,guit88man,3,3571
43784278,Tomato,3,3399
22552479,Giantwaffle,3,3393
38718052,Alinity,3,3388
25458544,Sequisha,3,3180
46595619,ThaldrinLol,3,2920
50063424,resttpowered,3,2880
54118379,JamieDrakeHD,3,2782
44057119,makataO,3,2750
147337432,lestream,3,2550
27586515,hexy,3,2416
27187962,Herdyn,3,2407
45822345,LetsTaddl,3,2351
41665974,Xop0,3,2177
11001241,KYR_SP33DY,3,2142
103991968,김나성,3,2140
137736535,다주,3,2101
77450490,PapiGaviTV,3,2085
27132299,LoadingReadyRun,3,2035
28640725,LobosJr,3,2034
21080562,MrBboy45,3,1914
107551531,Kamikatze,3,1903
101286926,ZONY,3,1787
131917576,VivaLaFazza,3,1723
104477229,Colas_Bim,3,1692
137724490,삼식,3,1577
135177864,SidneyEweka,3,1513
144740532,japanese_restream,3,1484
106318725,demonzz1,3,1472
47627824,RocketBeansTV,3,1389
65560166,Jaxstyle,3,1317
222387437,xlightmoonx,3,1239
178500702,FURIAtv,3,1184
66480362,thisEguy,3,1133
91538537,peVoR13,3,1096
30080840,TSM_TheOddOne,3,1088
489824041,rozenvia,3,894
22025290,trihex,3,863
111082347,DavidAUS,3,844
118793867,TaKe,3,840
139653899,sinnaggagghiri,3,816
40826049,LordBS,3,815
58948950,Vvassago,3,809
55433748,LyndonFPS,3,763
63985840,MinosTV_,3,707
39249330,Sattelizer,3,652
100200356,xEmtek,3,633
31809543,GohaMedia,3,618
501714064,ChrisKlemens,3,609
483740751,vvsomaofficial,3,598
261767,DarksydePhil,3,549
497494474,SimplyBary,3,528
137412523,ProgettoGaming,3,432
146325356,SeigiVA,3,416
10180554,SeriousGaming,3,390
92113668,Yekais,3,360
266432203,Doutora,3,351
415863463,Yxnca,3,336
88173799,Emzia,3,333
36196174,jimpanse,3,332
168309287,Zirvanaa,3,332
73625408,Kate,3,317
140154605,chapotraphouse,3,297
417256130,ExSuperRamon,3,262
36160171,zEmerson,3,243
266062094,YTXanobrain,3,231
27701417,PWNSTARZdotCOM,3,213
32119244,DzuniorJR,3,189
127939464,DataDave,3,189
29020626,LJoga,3,185
91055323,Rhadamant5186,3,171
123930395,Ouatdefok,3,170
109826174,KaraCorvus,3,169
84818837,Cucu0015,3,160
93640684,KuriGames,3,145
132177197,NerdOverNews,3,128
61339182,Basteltante,3,117
17901901,ROOTCatZ,3,115
215024731,TipsyB,3,114
71008895,RageFu,3,113
76039324,HiNas3,3,98
58210974,Ashy,3,94
79059925,AustriansHope,3,90
83100241,Fayenix,3,88
82351199,AceTrainerLiam,3,86
107437791,RonjaRaumpilot,3,82
90144415,IannaTV,3,82
404283101,Breezyonic,3,73
206157797,LJGamingNetwork,3,68
32124367,ratlooz,3,60
29057474,Bmore12,3,56
62996835,eurosdown,3,53
42078750,TayderTot,3,50
164801665,EmeiiLeiiy,3,49
90354119,SgtFidget,3,46
64066285,Muhinson77,3,45
501020561,OS_OperatingSystem,3,44
176137940,올라__,3,44
105519567,Penclavegames,3,43
88231438,ReverseLag,3,43
75073141,PatrioticPixie,3,40
240255583,SmallStreamersConnect,3,32
175626514,phantommaxx,3,31
153365322,milda,3,28
433271334,the_gamer00m,3,27
267532320,RiviereDacide,3,26
264649777,pascomaestro,3,25
128402490,TwistedTessa_,3,24
116247131,JMcGPlays,3,24
29103443,DeMoNiKZA,3,22
105374139,MattVampy,3,17
165540315,EUCLIDEANMIND,3,17
21656871,Skragzy,3,17
60606442,IDLT,3,16
64117724,Sumta,3,16
132838230,jrmdakilla,3,14
14019580,Linko64,3,13
67158816,akozz_tv,3,12
131782845,StainUroborosWolf,3,12
143788853,Viny_Mars,3,11
122709526,frankenzocker,3,10
39636142,PancakeBunnyTV,3,10
39857788,RiNOFocus,3,9
263620509,TheGameStooge,3,9
240182333,DttgliTV,3,8
516752857,bbmage1339,3,7
133129987,thetruelotus,3,5
39276140,Rubius,2,63987
39426641,Evelone192,2,55896
156037856,fextralife,2,44809
71588578,TheRealKnossi,2,41593
52130765,Squeezielive,2,38730
198506129,SolaryFortnite,2,34457
181077473,gaules,2,28337
504976104,PardonMyTake,2,24164
38244180,alanzoka,2,23127
28579002,Cellbit,2,22780
24147592,Gotaga,2,21238
82197170,EWROON,2,17518
67931625,Amar,2,17285
155601320,JLTomy,2,16423
21167655,Homyatol,2,16332
99899949,bratishkinoff,2,15578
110119637,Nikof,2,14979
6768122,Jahrein,2,13982
36473331,coscu,2,13111
137347549,Locklear,2,12211
76385901,elded,2,11934
135468063,AntoineDanielLive,2,11366
25690271,bysTaXx,2,10842
44880944,ElmiilloR,2,10170
16764225,Syndicate,2,10066
121510236,juansguarnizo,2,9881
207813352,HasanAbi,2,9363
50795214,Sardoche,2,8517
15310631,Greekgodx,2,8517
26921830,Elajjaz,2,8386
23936415,Jerma985,2,8046
121059319,MOONMOON,2,8041
30904062,서새봄냥,2,7833
40784764,Shlorox,2,7809
79442833,Mithrain,2,7581
43286888,ELoTRiX,2,7491
22016393,Vince,2,7264
22877031,UselessMouth,2,7121
147729812,KriszhAdvice,2,6949
197688174,tioorochitwitch,2,6917
69906737,chocoTaco,2,6640
403474131,JLWaliid,2,6625
93141680,NVIDIAGeForcePL,2,6529
31089858,DreadzTV,2,6409
94753024,Mizkif,2,6370
90075649,IlloJuan,2,6000
53256534,jovirone,2,5918
30623831,QuickyBaby,2,5902
32140000,SypherPK,2,5797
49207184,fps_shaka,2,5754
42583390,xChocoBars,2,5675
31557869,dasMEHDI,2,5632
170547313,AdzTV,2,5568
63602976,SkipNhO,2,5210
41879247,ernesBarbeQ,2,5094
158409957,Nemesis_TV_,2,5091
88524154,XEWER,2,5050
87803283,The_Happy_Hob,2,5038
86403736,고차비,2,4756
192023754,Joyca,2,4719
38746172,EsfandTV,2,4717
40110994,ReventXz,2,4683
79769388,unsympathisch_tv,2,4618
39393054,ScreaM,2,4579
160677372,Closer,2,4529
419005514,FEDMYSTER2,2,4525
61519248,unicornio,2,4471
46780407,rewinside,2,4391
131342532,PiazzTwitch,2,4331
68124914,blackelespanolito,2,4206
182714869,Peereira7,2,4196
56865374,BarbarousKing,2,4136
63880003,Anton,2,4070
35647075,PatoPapao,2,4013
28295429,GodHunt,2,3970
143368887,Kolderiu,2,3909
51929371,mL7support,2,3873
39115143,Th3Antonio,2,3788
115659124,Sanchovies,2,3771
208308607,drb7h,2,3746
30777889,itsHafu,2,3740
54742538,KarmikKoala,2,3700
151678267,sdrumox,2,3663
29034217,FrigoAdri,2,3638
81463115,Kotton,2,3591
126436297,Klean,2,3590
116780430,Spt083,2,3575
101632981,educatedearTW,2,3526
144395004,Linca,2,3522
85875635,BrownMan,2,3491
23528098,AvoidingThePuddle,2,3445
21442544,n0thing,2,3417
95865289,mery_soldier,2,3389
124021995,BeyondTheSummit_PT,2,3342
62300805,NymN,2,3336
63675549,Kaydop,2,3329
68292748,Reverse2k,2,3307
43356746,Amaz,2,3274
36324138,Distortion2,2,3249
45139193,JustGaBBo,2,3227
67970187,Pun1shers_TV,2,3221
94875296,LuluLuvely,2,3214
53065331,DarioMocciaTwitch,2,3202
41726922,shikai,2,3140
154425624,Kyle,2,3122
126902046,Lobanjicaa,2,3122
42848761,자동,2,3094
50191268,Crayator,2,3091
267477473,CemBengul,2,3063
52614128,thedarkness,2,3059
46021592,OfficialAndyPyro,2,3050
64638702,CreativeMonkeyz,2,3050
74478648,AF5live,2,3022
66302775,RobertoCein,2,3003
147509339,MorganCooling,2,2994
113537067,Harmii,2,2970
120244187,Aydan,2,2965
175372427,Cacarov,2,2955
128149102,ShivFPS,2,2936
41567638,Rumathra,2,2923
36811285,TobinatorLP,2,2905
141986126,SmexyCake,2,2895
49303276,Nick28T,2,2800
73915127,lolwingz,2,2790
38446500,G4G_REVENANT,2,2744
109156870,thaCOOP,2,2711
218726370,m0NESYoF,2,2709
48865821,Staiy,2,2649
134039697,FifaTargrean,2,2606
52615982,Pieface23,2,2581
107627864,SoyFelipez360,2,2565
85604590,Noste,2,2561
20786541,Yogscast,2,2560
214560121,BrookeAB,2,2555
128489946,Cizzorz,2,2550
42141251,MasterSnakou,2,2531
7093315,slop3,2,2500
134931057,BeatPug,2,2498
86268118,ClintStevens,2,2464
123922797,IamCristinini,2,2463
58393005,calango,2,2447
31813025,BruceGrannec,2,2438
172531433,Oslo_,2,2431
16677765,六希夫,2,2402
12731745,Deadlyslob,2,2391
22479463,SR_Kaif,2,2391
28572093,Kubon_,2,2386
137724090,미라지,2,2371
56514218,thedanirep,2,2336
20483303,Dexbonus,2,2280
77398054,Van_Hinten88,2,2277
43131877,Savjz,2,2250
137753119,웁_게임방송,2,2245
32915274,MarckozHD,2,2190
57938681,SkipNhOLIVE,2,2187
501717654,PotasticP,2,2173
53657951,ftmawf,2,2160
43334060,DieHahn,2,2131
39692658,ElOjoNinja,2,2107
61243967,PainLivestream,2,2063
240649584,JadeyAnh,2,2061
28243295,Terroriser,2,2030
95752586,PYROX,2,2026
105014242,patcutez,2,2008
65757403,kutcherlol,2,1993
41245072,Loserfruit,2,1988
58753574,Zeling,2,1987
114843487,liawaifu,2,1942
48538184,mob5tertv,2,1925
506122386,jeffmcneil,2,1922
27085209,Aiekillu,2,1905
190708734,Altair,2,1889
141414675,NoctisAK47,2,1878
72960162,jschritte,2,1858
118956645,TURI,2,1815
49495142,AkTep,2,1810
112094449,heyZeusHeresToast,2,1801
70915697,robert87000,2,1784
49233748,개복어,2,1757
160989002,박옥자누나,2,1752
159099058,Suri,2,1729
63614185,SNAILKICKtm,2,1726
30977449,Sekiam,2,1720
4123340,AngryJoeShow,2,1706
456149099,tiaguitosgamerpt69,2,1673
73065110,Katth,2,1642
63740412,Attrix,2,1635
26910894,Payamz,2,1630
137731615,후추갓,2,1607
175163251,피닉스박1,2,1606
43043577,HeyarTV,2,1559
38111795,ninexttt,2,1556
39101461,kislu,2,1530
66996733,AdamKissAK,2,1523
141809509,melisaqua,2,1513
24233423,Videoyun,2,1508
81628627,Gladd,2,1502
134666774,AquaFPS,2,1502
153794984,Vitality,2,1483
78626614,StereOnline,2,1483
37738094,BTURBO,2,1473
130433306,케인,2,1469
35043466,Lachu,2,1464
70302631,CurtisRyan,2,1461
91616150,LazaPLAYS,2,1461
137298121,xc3jo,2,1455
60806516,MrMoonsHouse,2,1448
116882497,Mirza_Jahic,2,1439
193531341,Pelegrino1993,2,1438
156781485,eldenguee,2,1405
75502413,NairoMK,2,1394
142907660,scumtk,2,1393
58383015,Draineo,2,1390
97123979,RevedTV,2,1387
117031241,DocJazy,2,1382
103262684,JASONR,2,1380
247808909,QTCinderella,2,1371
25530456,NoSympathyy,2,1356
89890241,BOBLEGOB,2,1345
89751834,2SekundovyMato,2,1344
485833997,griziesport,2,1338
62951382,AKAWonder,2,1334
37705807,Smzinho,2,1320
43780497,BlackFIreIce,2,1308
401772012,albertonaska,2,1305
74547642,elBokeron,2,1292
137098953,JugiPelaa,2,1276
145993982,TheHungerService,2,1273
269071396,numeiro_,2,1272
184325380,KalathrasLolweapon,2,1260
124403155,JulietteArz,2,1259
72945990,SaltyPhish,2,1259
112677505,kyivstoner,2,1253
181357564,TolkinLoL,2,1248
36945915,MarcusKron,2,1247
427839768,TRNRtips,2,1244
54743381,javixae,2,1241
194954209,alkanhraje,2,1221
85034121,maleK_CSGO,2,1220
32402794,Silent,2,1199
195675197,steel,2,1190
39801475,nems,2,1189
73911501,LusorKoeffizient,2,1182
35860120,LumeiFei,2,1182
69450980,Avery,2,1177
95155668,NeverSayYesTwitch,2,1158
112295341,andersonjph,2,1132
181713478,Saidogna,2,1125
99741198,LuDaKiS,2,1123
39263242,bibaboy,2,1121
123843446,TigerYUUK,2,1112
143140193,ka1nz0r1337,2,1110
54319112,NickDaBooM,2,1082
51304190,stegi,2,1081
118110732,K_i_ra,2,1071
43995715,JorgoTheBeast,2,1070
44407373,ZakvielChannel,2,1063
184727782,R_U_S_C,2,1061
38253174,Eposlol,2,1059
46708418,BeasttrollMC,2,1050
127361301,ANTILIPSI,2,1049
211715969,ElisaViihdeSport,2,1048
9528182,ChilledChaos,2,1045
35828637,Low4n,2,1045
65863839,TeamleSS,2,1035
60392247,SodaKite,2,1034
60160906,GTimeTV,2,1033
55660184,paulanobre,2,1033
27954235,Nuke73,2,1033
503405013,buttbabyoil,2,1028
65287820,ぺにょ,2,1024
225314329,tbxnee,2,1022
88510702,BeastSnakeLIVE,2,1018
128440061,Zentreya,2,1018
191289883,김똘복,2,1001
79866989,FrivviFox,2,1001
40181830,MahrioJr,2,999
485062250,hwo1v9,2,996
131052434,蒼汁,2,976
123217703,Jameskii,2,972
75665310,jotaaah,2,972
25923265,Loopk,2,970
50187366,NicroVeda,2,969
32184566,rxnexus,2,968
458519131,tropec0,2,967
41503604,Flocke,2,959
274625,Swiftor,2,956
37558817,lturepublic,2,956
21615575,Nilesy,2,953
38350595,DrFeelgood,2,949
502907526,stcplay,2,942
38747372,xxPLAYAWAYxx,2,941
176426110,mnvrse,2,936
42896693,JaboodyShow,2,926
27931774,Halifax,2,925
446766072,문월님,2,916
65411398,Juice,2,914
54303213,MTashed,2,905
91305522,unlckyme,2,903
517183195,bbbbhoi,2,897
102777268,BazzaGazza,2,881
26933810,spiritow,2,880
43298229,D1rtyD3vil,2,880
118974117,KeriosRiven,2,874
138116960,만득,2,870
150436863,gskianto,2,863
40028988,FireDragon,2,862
94651182,Mo_Aubameyang,2,856
36191747,FeregTV,2,847
260722430,daltoosh,2,845
46719113,GorilaNerd,2,837
413914717,lucasalvadori,2,832
134927899,TenekeKafalar_TK,2,830
53831525,Leffen,2,826
56964879,TwoAngryGamersTV,2,821
102205475,Scrub,2,814
125089656,Turna,2,814
89816009,WhiteyDude,2,811
219068259,AngoryTom,2,809
206755311,J3Cha,2,806
53671473,physicalgamerz,2,806
29157943,hc_diZee,2,802
83080855,HarrisHeller,2,795
133208673,Lanvirion,2,793
101898938,Uepalee,2,780
20420989,Shortyyguy,2,779
30070692,BeastQT,2,776
53886728,Herr_Currywurst,2,774
144587203,barstoolsports,2,768
70633893,Marcy7,2,757
122681480,JelyFishTN,2,753
460133452,fritz_meinecke,2,753
31549282,Minion777,2,751
25372991,watchmeblink,2,750
29661191,zironicdk,2,746
137728196,서넹,2,743
21045643,Clym,2,730
68406941,MahyarS,2,730
117209801,Seals311,2,730
74917535,Sakul97,2,728
41815218,WaifuDeliveryService,2,726
50082761,T4TiNo23,2,725
103495737,ShoXx__,2,724
137125968,ManelAkaForce,2,721
43478207,Dev1,2,717
71509335,ipav999,2,717
43582520,Perrick,2,714
46736025,MissClick_TV,2,714
119257472,demisux,2,708
473388215,24_Flash,2,706
62814828,Gonzaroo,2,703
152954848,BriceGamingZone,2,702
71031406,KindaFunnyGames,2,700
185845084,나라카일_,2,698
91985616,enoz,2,691
86112154,rnpcasino,2,685
82948335,Fonikibekatsa,2,685
44096715,dimaoneshot,2,683
48856368,Larxa,2,672
97677500,Slade,2,669
517529126,banthonytanthony,2,669
81764480,gsmVoiD,2,647
37121843,Yuuie,2,646
25924287,PsiSyn,2,633
128837526,kittinaa,2,632
133635679,NoHandGamingYT,2,631
48919437,kev1nTV,2,627
113379472,m4dshaw,2,618
141630000,모잉이_,2,615
73729481,Suisenn,2,608
86690831,Takadoto,2,608
68809009,DerWegrenner,2,607
43960948,Vicksy,2,605
231415521,mrslothbr,2,605
26804762,DesertP,2,604
36805119,xXOverman,2,597
111181680,thedragonfeeney,2,597
54394483,rdo1337,2,596
143142225,MyssFPS,2,593
59250665,BruceGreene,2,592
102384758,홍차,2,591
14824099,Trizze,2,583
53284096,Lory,2,578
43028559,Milkydinho,2,575
30770604,byViruZzzz,2,571
216351084,蛇足,2,570
256447189,danny_lazzarin,2,570
158130480,TweaK,2,564
35884457,BRNWOWZK1,2,562
213409523,IvoXxX,2,546
83860674,FIFA_STYLO,2,545
39101178,Kstar,2,539
172791993,TheMacroShow,2,537
142582729,oiRainly,2,534
78143851,CoyaLetsPlay,2,533
20478262,TeamLiquid,2,533
419394030,AlvaroStorm,2,532
90288212,SirGibsy,2,527
153518056,BossioYT,2,519
53770519,Lachinio,2,514
168327867,murilo_RT,2,513
112553336,Zaardoz,2,512
60513811,Spartiatix,2,504
49048593,mukkayo,2,502
44061762,DiegoGB,2,500
22551603,gebauermarc,2,497
61765204,XenosysVex,2,496
421831053,guivissotto,2,496
25584648,FinalBossTV,2,496
172378151,LocoBaltar,2,495
32626463,SDShepard,2,492
76846779,Yoona,2,488
51529432,Cepreu_Inq,2,482
184189096,Forweark,2,480
68758534,IvanForeverLife,2,479
88436114,SchviftyFive,2,479
499120395,rominacheve,2,477
183233336,RokKeks,2,477
267086754,Hedablida,2,477
25902230,KaggyFilms,2,475
192231926,CanardPC,2,474
134295245,Varvalian,2,469
43183012,QuelTaleAleTV,2,468
13153992,ProJared,2,466
139064318,Nitroow,2,463
196088251,DudePerfectGaming,2,460
25046512,Abver,2,459
47815280,sasa,2,458
32349768,Gmart,2,453
30773592,DJboucherie,2,447
122154986,XLaKaLuKaX,2,446
88398526,ONE_shot_GURL,2,445
133355284,Em0Bulgaria,2,443
38948800,KneeColeslaw,2,443
111722702,Chenzo,2,442
21532585,TheEnclase,2,439
26184492,Lege,2,436
137133367,Seamoose,2,435
39670679,electrinchen,2,435
65645549,kentilduca,2,435
111673150,missawrizzeru,2,433
15409117,輝哥,2,431
98451869,Samuse,2,431
31063899,ShubbleYT,2,430
433375373,slamftw,2,429
83599274,Nono_LoL,2,428
218301998,B_U_L_O_C_H_K_A,2,426
168729548,PaladinAmber,2,425
65833588,MopGarden,2,423
409760532,freyzplayz,2,423
213814233,venipaw,2,423
60719956,poul_maniac,2,419
32404640,guishorro,2,416
57022632,GzaFizzle,2,413
29673295,Parliamodivg,2,407
239778192,kleptoturtle,2,407
26671723,nurseos,2,405
47814097,TheGawd,2,405
138944946,SloppyR6,2,405
103206445,Heidergeil,2,402
52748308,jakidale,2,400
59970811,vikared,2,397
449482241,kimcella,2,392
240832627,ndpgod,2,390
38179826,BierbankB,2,386
264703820,federico_leo88,2,384
125939156,AIll0X,2,376
64479508,Dada,2,375
62048659,Garmy,2,375
179481238,JLFranklin_,2,374
69869005,Pelcu,2,370
132766795,DejavuShotHD,2,370
498533506,LoLaQuest,2,368
67493484,Cabech,2,367
62744891,Renae,2,363
37743960,lifesimmer,2,361
188232354,AyyItsChevy,2,357
49368220,FROGPANTS,2,356
59357198,LMGtwitch,2,356
136167181,elbledavulvarde,2,352
438619543,DitxizSenpai,2,351
140175340,막내현진,2,350
431644708,INBoss1k,2,350
64073463,KryticZeuz,2,347
23874126,TearofGrace,2,346
60141325,FistofTheWalrus,2,345
73120323,Gravier,2,344
84866992,zmggg,2,344
435049951,TheDanDangler,2,342
54472092,m60_,2,342
30211673,Chriskeem,2,342
73735538,CantaPerMe92,2,341
40112597,b2ru,2,338
26395227,dakieksde,2,336
36852565,ATT_OficiaL,2,336
97322738,SpartanGeek,2,335
92820773,c1RcEEZY,2,335
79622099,dammit2hell,2,334
46078374,Wepic,2,331
26766376,阿土,2,331
12640214,Gammalunatic,2,328
65421010,RoccoDota,2,328
98117603,VERTiiGOGAMING,2,328
492407233,odumans,2,324
24387393,SpaceHamsterTFG,2,320
82493955,Malganyr,2,320
70964046,bunny_gif,2,318
36043506,Globtopus,2,317
422869781,groottik,2,315
92572569,caputile,2,313
151369939,LamprosFuriousGR,2,313
19309473,Pyrionflax,2,312
48317512,Budilicious,2,309
25181720,BarryIsStreaming,2,303
39334493,iiPOG,2,301
505364358,possible_orphan,2,301
427828010,tvshini,2,301
96031487,mills_rp,2,296
61963166,Dimitri,2,295
139558213,텔론_,2,295
63937599,darkosto,2,292
137914720,해기님,2,290
97245742,veibae,2,282
40604872,Godsmilla,2,282
31230849,mochez18,2,282
29237544,dlive22891,2,280
183637404,Kilnier,2,280
60450726,어스키,2,279
113239572,WatchGamesTV,2,279
93966055,Slevran,2,277
180861765,Anna_Chess,2,273
21730259,Elegy,2,270
116111131,t1von1,2,269
24538057,MrDeriv,2,268
414933908,안어이,2,265
26665405,Alveona,2,264
46965240,KiraArgenta,2,263
229714332,Bysouk,2,262
128479231,iamtrevormay,2,262
44692825,Arthars,2,258
38051463,ZoeyProasheck,2,258
21565409,ElvisaYomastercard,2,258
32679000,Mrhappy1227,2,257
277206785,HeyAfroTV,2,256
59981696,Luuauler,2,256
189831713,samchams,2,255
113840021,TobyontheTele,2,253
125356224,Sradd,2,253
113767628,GatoLetsPlay,2,252
35049749,LiBrizzi,2,251
62502182,NeoNess007,2,250
108267453,SpaceKatUniverse,2,249
63758697,LokenPlays,2,246
40170801,PatrckStatic,2,244
96221338,Strawburry17plays,2,242
64951974,iLFantasmaDelleNevi,2,240
37358842,Waggle,2,237
254038145,ghoulbagel,2,236
91418813,tendrils,2,236
41317630,GirlGamerChas,2,235
211921302,jordyybee,2,235
37905614,阿信信,2,233
111799555,BonsaiBroz,2,232
66238713,Mikecase,2,229
171233271,keny500,2,228
73528578,JackthePott,2,228
489490309,KnuTzfps,2,228
44190773,Neuro,2,226
139199359,SamuelTuckerYoung,2,225
476309100,SoyEloh,2,225
41749570,ChickenPrism,2,224
32967520,Cogumelando,2,223
157053493,leroyaliste,2,221
27138097,GrabaGra,2,219
41134315,pannshi,2,219
118385536,AchilleFPS,2,219
55121622,shahin200x,2,219
22993390,Noizen,2,217
77549092,Equuip,2,216
162176589,Smoke666,2,215
130012553,Freyah,2,215
136889002,icemo21,2,215
149702330,히라__,2,214
50885108,VKingPlays,2,213
148567255,ZvonimirTV,2,213
42588437,MitsuNohGames,2,212
20698451,Fahros,2,212
31389122,TsBlackii,2,210
77263984,Mindowner,2,209
140213270,mrs_honey,2,208
153594349,nicro4fun,2,206
106744619,StellaElf,2,206
193012109,nicohmygod,2,205
64853013,CrunchyEggrollz,2,205
93733614,Khaljiit,2,205
89336432,Loveabilities,2,203
134599550,dre3dd,2,202
111935599,jcyrus,2,197
504266709,jia_esports,2,196
7826707,Itexo,2,192
52650776,Qack_,2,191
115918436,LuckyElie,2,190
47167396,MrScheff,2,187
42797849,Skerax,2,185
23798553,MJRAMON,2,184
153742625,FortyOne,2,183
18730955,Nathanias,2,183
226969782,DragaoDoEspaco,2,183
272946500,MichaelRighini,2,183
80950351,SteamTeam,2,181
13163498,JuggernautJason,2,179
137443502,VelhoVamp1,2,178
276012445,りりまるまる,2,175
37046781,TheWutofWat,2,173
193800457,NicFN,2,173
56536858,dk_nice1,2,171
25635695,JaeRoar,2,171
48228172,TigerWriter,2,171
70933080,AuroraStarr,2,170
457571622,Daores,2,169
108338992,Azarnn,2,168
26935355,Braincage,2,167
137310298,KoosGK,2,167
74364938,Gwizmayne,2,166
49855925,kamikpro,2,166
137466191,z4mmpa,2,165
145498137,CheekyErika,2,163
54844912,MarcoOPz,2,162
83691960,BAXBEAST,2,161
72448313,Fruitbats,2,161
144345157,Lnz3,2,161
19802835,OMGchad,2,161
57709221,actionjaxon,2,158
144454475,ThatNerdViolet,2,158
177739106,RaiCanning,2,156
46061760,BtHMaNiaC,2,156
105618031,CorruptedG,2,155
466603236,Totorru,2,155
31712021,chonarthas,2,154
52562094,RayBaconGamer,2,154
120079562,dinossindgeil,2,154
122069375,elchamp_,2,153
147013765,JAnchorGaming,2,153
127213645,DkHmoon,2,152
202551758,Slend00,2,151
16312051,IAmSp00n,2,151
44932815,Bluee,2,150
59020100,KroTukk,2,150
154610794,KyleDempsterStudios,2,148
58055842,VikingDan,2,148
70252084,DoubleDAvi,2,147
51073889,ooCLANoo,2,147
188799904,tuzaopxg,2,146
83451000,Kappa_Why,2,146
99865081,Fathermoor,2,145
145721238,McGugu,2,145
72726363,edopeh,2,144
146244950,JogaiziTV,2,143
60515258,Caith_Sith,2,143
22168131,Rythian,2,142
155849154,mirageeputo_,2,141
52972297,Dangar,2,140
38329374,jaaski,2,140
58871377,SaltyLeon,2,140
468128819,Eddieice,2,139
101364650,Sharuman,2,138
458916766,RoacheVR,2,138
54558213,SirCojones,2,137
49627103,EpicNPCMan,2,135
32673323,gutelaunetyp,2,135
88653446,KaitoKoruba,2,135
125720201,unixdev,2,133
84621674,drholdem,2,133
40369913,TeaLex,2,133
28090481,Spinachee,2,133
41493996,SirlionhartLive,2,132
67768280,StellaChuu,2,131
135640539,DfreezeGIRL,2,131
35739181,KingJae,2,130
67029440,Marche,2,130
435756271,forclosed3,2,130
32393428,SincerelyLyn,2,130
50861853,Needle_xD,2,130
255496432,Dicotainment,2,128
72307406,officialEGF,2,127
20488281,Rurikhan,2,127
186828000,JuanmaINI,2,126
47193301,Scardor,2,126
23203960,Zet0r,2,126
144525628,mittenskittens,2,125
231144835,SoundWaveTR,2,125
98177482,KeziaTv,2,125
142153298,ChinnJ,2,124
21951437,missharvey,2,124
137659020,Gnikbruch,2,123
61491333,HoodyMT,2,122
262333980,xxx4000__,2,121
101049128,Chipsette_FR,2,121
185861725,WePlayGamesBR,2,120
56070685,alexotos_live,2,120
107103860,MisterNobodyTV,2,117
93854684,elbanan0,2,117
236152690,injured12cs,2,116
189719915,lily_charles,2,116
81334816,kAppsYT,2,113
78189218,xCandyLashes,2,112
52981447,donatolive,2,112
165753222,SaveFile17,2,110
57413515,Ralisco,2,110
244028861,PANGCHOM,2,110
57348201,Zorao,2,107
122864313,Starovec,2,107
29767678,Dareyck,2,107
159861977,ylyahsil,2,107
114772787,Agustabell212,2,106
54603105,Jabo,2,105
104613563,AquaBoost,2,105
45776749,Ribanne,2,104
116067965,Zekeice,2,104
110089176,KatherineElizabeth,2,102
92400993,knightenator,2,102
160748980,Nana_77,2,102
61435362,Hermanel,2,101
88761943,Eswoogi,2,101
160866289,ThePocketGay,2,100
74596039,BatulinS,2,100
118882230,WTFGameNation,2,100
126281499,miabyte,2,99
13220401,DeejayKnight,2,97
66081829,MrCocoMacoStick,2,97
125775534,JoinJess,2,97
28237374,drproof,2,97
24437603,pakratt0013,2,96
98948169,H1vezZz,2,96
309519,NotThatWillSmith,2,96
210471291,lockandloadliv,2,95
224975375,Vihcent,2,95
44370620,MyFrackinMess,2,95
20173706,Kirling,2,95
39388311,KazimirTV,2,95
147155277,SethDrums,2,94
122440748,ZergEvolution,2,93
38269310,Verliswolf,2,93
146029337,SatyvaxTV,2,93
119041566,dailysage,2,92
76477591,LecheroFett,2,91
56769181,Ali,2,91
24308210,shtyr,2,90
59668923,PRO_ULTIMUSS,2,90
500911469,plantytime,2,90
120365142,RoxburghXo,2,90
409090801,yuzuchang,2,89
120714509,damieee,2,89
89121512,Janusz0821,2,89
510651294,IESAtv,2,89
104409254,IgorAlmeida,2,89
110014488,Oranor_Games,2,89
189347347,MarcCaliban,2,89
162197201,TvSerious,2,88
42602027,Slemjem,2,87
410121884,DrAlemao,2,87
175077266,LoickLive,2,86
184460719,Anna_Mojo,2,86
108093746,anieyo_,2,86
3088139,BaySoldier,2,86
212793191,Jeux,2,85
142482328,서모찌,2,85
49483836,steakloins,2,84
113326732,KellyEdenOfficial,2,84
9460020,Kishtar,2,84
146109466,Sheik12ss,2,83
411086256,stephaniemef,2,83
43917615,BrianAlexisOk,2,83
63100768,kilcannon,2,82
38355279,GlamShatterskull,2,82
193394764,qveencee,2,82
76591569,Thievius_FoX,2,81
93290589,Akatsu0,2,81
180751403,Pareidolia4k,2,80
35052328,Marielitai,2,80
148466579,RamaSabeee,2,80
470704961,FearedGamingLIVE,2,80
40978479,Earlswood,2,79
39147477,JMViper86,2,78
78012920,Cryssness,2,78
92125675,Basila,2,78
96004969,YoitsGold,2,77
108877335,RobusterCZ,2,76
28323806,SLaki,2,76
6882735,lierson,2,75
83372797,Neelana,2,75
106626191,roxi,2,75
126085691,Nyusza,2,75
92329571,TheShovelMasterTV,2,74
20111416,Dinusty,2,74
154708326,Bazzzz,2,74
138530963,不大行的幻哀音,2,74
456188005,TalRino,2,73
138890287,PykaBHocke,2,72
62074386,CorazonPeach,2,72
141929085,Imli,2,72
61470557,temsku8,2,72
39650242,Vash505,2,72
52056962,SubJect8,2,72
127035576,Lolita,2,71
23734832,DarkFuneral,2,71
75079164,III_JUN3BUG_III,2,71
115856722,Juliaaab,2,71
272854835,BravousEsports,2,71
55636782,Dlayz,2,70
131144584,StarDancer,2,70
32194567,Bittie,2,70
228450852,HalfDragonEM,2,69
30172904,teyka,2,69
46986738,IcemaN_1H,2,69
54894099,Aishuu,2,69
84432419,BruceCooper,2,69
81486617,TheChickenWing,2,68
88857306,Zlu4kajkee,2,68
73887967,Jetfireczech,2,67
156475363,ZeroPointProps,2,67
440585788,짱가형,2,67
43084467,Brihtwulf,2,66
227236023,SwordFC,2,66
131510087,duzensizyayinci,2,65
167213991,UncleSlacker,2,65
150308219,Kisata3,2,65
465862570,herzode,2,65
62948284,JHow,2,64
120453711,luisa_ferr,2,63
507133431,alabamacollegiateesports,2,63
52823688,Renny,2,63
151951417,Jorhdys,2,62
51857162,Duquesiin,2,61
124688743,nevercrycker,2,61
27465664,Yosheez,2,61
29044119,JebroUnity,2,60
112551289,elfeba,2,60
70330993,LuziYT,2,60
52651812,manwojciech_,2,60
37419723,ImNeurons,2,60
471574887,TheCaptainVP,2,59
56389390,Bastet,2,58
419602064,linbunnysz,2,58
76458094,Marciu,2,58
169441852,Wenser,2,57
227311373,잼히,2,57
170400415,CelestialFitness,2,57
499610135,L1meST,2,56
21225739,Rustage_,2,56
47305635,woohoolad,2,56
177984247,Eevolicious,2,56
126933831,Byakko_chan,2,56
435108854,kerri1212,2,56
63870541,GameCatering,2,56
81687305,LateNightRetro,2,55
65302753,srbrody,2,55
21300284,FlyDragX,2,55
82813966,GameForceFIFA,2,55
102402222,PharEwings,2,55
13827747,Falenas,2,54
124799640,GaroShadowscale,2,54
125227081,mgmantelio,2,54
205901201,LOAN_LIVE,2,53
147237701,PotQuest,2,53
98794915,Twobold,2,52
37130187,MaitaneCS,2,52
5395315,yomuzou,2,51
54888150,Decrypt___,2,51
101146990,Thunderstones,2,51
102377368,Dartfinik,2,51
71733526,SaddlerPT,2,51
79158936,CRASH_Academy,2,51
490233728,penelopeford,2,51
172124769,BkSal,2,51
446589777,GulfCity,2,51
157919388,McConnellTV,2,50
71599135,kwizten,2,50
145572151,NutEngth,2,50
39639826,Yogidamonk,2,50
32004562,Shorty_D,2,50
93833204,コマコマちゃん,2,50
157536074,GilCamilotti,2,50
250792023,TheRealHootsman,2,50
59403070,NurikSakura,2,49
68405781,BubbLizzy,2,49
63235094,WarpZone_Bar,2,49
279655496,RealKiRRol,2,49
62567815,GlennAngel,2,48
102811975,LENEY,2,48
85569129,Kyoslilmonster,2,48
94007554,vikandroll,2,48
211133164,Party__Pineapple,2,48
43726065,RandyRenna,2,48
56269580,Octobinz,2,48
146425341,DocDominus,2,48
77819139,Kenhie,2,48
56810681,WolfpackProGaming,2,48
25383883,BloomerForTheWin,2,47
158801551,leonnzera,2,47
110285571,FishBuffet,2,47
101049977,Krooggaming,2,47
140542451,Mimiatures,2,47
147561624,FalkThemUp,2,47
30282132,咩咩未來,2,47
51726798,dern3r,2,47
20619890,ForceMithrandir,2,47
112950237,SOORS,2,47
39116516,Paranoi4kTV,2,46
85196442,BanKai,2,46
52265302,Rhadex,2,46
149049083,AtomiixTV,2,46
107413938,PhotoRacerTV,2,46
126736158,ScheinheiligeSau,2,46
49782959,DiaTech,2,46
26348106,Superpinkykitty,2,46
472165541,a_kata,2,46
25895236,MrAeroHD,2,46
46884422,PrismeAD,2,46
144625509,VinnyBenny,2,46
443672985,Lazunie,2,45
91622942,AXOMA,2,45
174189439,JPillault,2,45
405176135,UnityManik,2,44
59620909,SheDeviil,2,44
13913721,Tokshen,2,44
131213872,nekoandfunbun,2,44
446551036,비_아,2,44
203113136,Megs_11,2,43
260474897,앙민지,2,43
28482645,RicoCooster,2,43
87664381,Swordmouse,2,43
139119052,ruidosogamer,2,43
277124269,Gastt_Wy,2,43
248017905,FatRat173,2,42
457256253,MordredOG,2,42
38654003,Karvarousku,2,42
32164065,c2Kiyomi,2,42
81767283,tomsweeny1278,2,42
140658810,The_Hypah,2,42
1375841,whiskeyy,2,41
480230446,xnanatyx,2,41
196342284,Catbot_Tsumi,2,41
46596119,HariPear,2,41
463925284,ItsLustBaby,2,41
95382189,TheRSSolo,2,40
104952542,tori_talks,2,40
65180283,Haga,2,40
30295219,SergeantMcBadass,2,40
145361227,SinSangre_,2,40
158197540,el_druvo,2,40
178394313,MarcyAugust,2,40
55060691,JapaneseBushBaby,2,40
35723019,Sherkus,2,39
39840399,SurionTV,2,39
419619583,AlliedEsports,2,39
137847888,Jinichi_,2,39
508977263,dawnmetroid,2,39
142081746,negoatoa,2,39
59326856,GregSilver,2,39
71038368,Nox_arkana,2,39
173979716,crazyn78,2,39
150925515,sheimuli,2,39
175858090,xXUndertakerXxx,2,38
246348391,chess_wc,2,38
252370274,BlindlyPlayingGames,2,38
137033218,Narvaya,2,38
121924677,TooSizzle,2,38
111757106,goraphs,2,38
505311838,HerrManasia,2,38
173692549,INFLUXPictures,2,38
165795655,뉴생이,2,38
183959491,JuhaPlaysOfficial,2,37
112891748,perrythepig,2,37
255881663,LydiScott,2,37
32786436,joker0703,2,37
32913605,Kululin,2,37
215608242,ZachSapGames,2,37
80045437,ZeWaver,2,37
173132413,과일샐러드,2,36
38409240,bbrgamer,2,36
95965761,Ryycorr,2,36
193097496,TheMotorFan17,2,36
114952528,Musicalways,2,36
93196435,Cat_Lux,2,36
134869759,EdHunterCS,2,36
258241260,ZeroRetr0,2,36
39888457,5hoe,2,36
123358610,VertenteGeek,2,36
28790017,Lady_Juleczka,2,35
233230909,輪輪小鍋鍋,2,35
190995250,BESTkid_SK,2,35
107497469,NeoxProject,2,35
56113744,jenocidal9,2,35
44303610,CanadianChief,2,34
491496617,xEverestnations,2,34
144476903,jafoxtee,2,34
252467006,MissPesca,2,34
154263904,freddy_win,2,34
135036271,PumiTheCat,2,34
131620374,JustFansOf,2,34
279577716,Martin_Riggs86,2,34
428492339,BeckyAndCloud,2,34
126767412,Sarah0nFire,2,34
175693145,QuzeNNN,2,33
244106127,ElleBelle,2,33
183313087,TankianTV,2,33
252482817,BlackStack94,2,33
74688438,IgoReXa,2,33
123760234,GemuLovu,2,33
279273423,Octavia_O,2,33
141916172,rekstizzy,2,33
137070074,AngrySCII,2,33
31622521,xNaet,2,33
185119201,BioToxicGirl,2,32
110092255,Vechiron,2,32
58721476,wpapassoni,2,32
400450059,elmoon,2,32
416960776,Yas_Min,2,32
418960539,고몽달,2,32
43552641,MadameTepe,2,32
154825184,n0x_pt,2,31
164457821,SevensSwords,2,31
165072546,NoobeiEGravei,2,31
430301289,thehomiestan,2,31
86983547,MounchTV,2,31
40406284,Filgaja,2,31
167617449,amlabbas,2,31
24756693,DominantTV,2,31
136907933,trick3r,2,31
118331697,Dark_Brocoli,2,30
401453618,DasKash,2,30
456452239,foxtrot_livestream,2,30
481789413,Alkapone_BG,2,30
74846613,Sekuja,2,30
76435840,Duffey5,2,30
453466480,Isherwood81,2,30
140332935,PatashnikPok,2,30
225548682,its_dabbz,2,30
177044045,terpsicat,2,30
105380020,KeepItPeachy,2,30
189763186,mrkiuban,2,29
193431661,hayl_st0rm,2,29
125937406,wiz7o,2,29
43511051,Asumon,2,29
107317879,killersowns,2,29
103825931,MadVikingKing,2,29
119552277,enr1que,2,29
163279545,AltlntasMurat,2,29
216251633,Bendhero,2,29
161166080,Papa_Kurth,2,29
159409935,xLarox,2,29
427260918,SmashEnDouceur,2,29
417319679,MVGCharity,2,28
58587749,LexytheNOOB,2,28
74155357,Krysdefoie,2,28
62682833,Coltrane,2,28
190644090,CMWinter,2,28
176449705,LDVEsport,2,28
39078101,FakeDeathftw,2,28
136422709,KellFLuz,2,28
403374623,Team_Vioks,2,28
183874262,pillebrille,2,28
149690909,TheLegendOfLuke1998,2,28
29795066,EndyEarth,2,28
75999324,ImLiLi,2,28
74379928,Ninjamonkey0169,2,27
96626114,PlayingaLot,2,27
82852919,19CaHTuMeTPoB,2,27
44150783,b1trat3,2,27
167443959,MattTheRatt,2,27
56548196,Shoof,2,27
174297977,Kemati,2,27
76839418,ArkanoLegacy,2,27
27920532,caiobex,2,26
39611943,Goesmau5,2,26
168066029,Erulaz,2,26
230515939,its3lm,2,26
139844631,DieMadameG,2,26
133493750,Davesakraken,2,26
188502535,MOoley8,2,26
444463369,andaluchino,2,26
67418941,MickaToys,2,26
43041466,Calibury,2,26
62237804,MewRaz,2,25
511991733,bitoverlord1,2,25
39375278,Mr_Furi,2,25
69032560,BlaBlubzZ,2,25
106336262,Cernunours,2,25
183087000,Ptys,2,25
188096755,3unny3razil,2,25
94482098,General__Mors,2,24
159617921,SevenDeadlyKittens,2,24
37857584,MulletLord_,2,24
88520946,Bflattened,2,24
135916187,napem,2,24
105008133,KerryMadonna,2,24
52124428,Kdwolf77,2,24
77808134,fbaftermath,2,24
116749706,Cluwby,2,24
205452778,Mr_inky_01,2,24
65472730,Aquarius_70,2,24
459000720,oh_dash,2,23
274136036,고미생,2,23
494072929,VtuberNim,2,23
49251469,T3chnopanda,2,23
181260634,marmotaucigassa,2,23
139995158,GamingDva,2,23
11040684,DJS2k8,2,23
253459065,尼克ㅇㅅㅇ,2,23
69166643,DePosse_,2,23
131695790,KFLeXin,2,23
23594014,Necrokix7,2,23
174960769,Hagvira,2,23
124586251,AlterMannGER,2,22
8905927,TheMasterLL,2,22
104971514,crumpv2,2,22
61016961,mrtickles123,2,22
48708768,Egodrik,2,22
84961951,ConvictTheGod,2,22
46631195,Izual,2,22
261311210,LeClubSandwich,2,22
42740850,Courtoo,2,22
120132910,wilczur9877,2,22
24759466,MagnusMKI,2,22
92365721,EdgeMiles,2,22
39973566,cakecatboy,2,22
39803117,c0mpu73r,2,22
158744328,IgorWilliam,2,22
447497349,ilesraider,2,22
410162890,YaKniazev,2,22
209901392,tovana,2,21
51439837,Faceopei,2,21
478880422,beetv__,2,21
253527735,AneronSS,2,21
79422129,steffosawr,2,21
490810177,godlydesiress,2,21
276723002,Ostrology,2,21
98899165,shozumeki,2,21
131483796,븜님,2,21
37548000,jhulian12,2,21
30120417,Bod699,2,21
140706858,GeekGamick,2,21
78011743,MissAram,2,21
128404616,UnlOcktheMagic,2,20
460978080,Rozaak,2,20
137639774,mistero90,2,20
81833605,jtamonda,2,20
83792084,TLloki,2,20
226450949,MagicMagess,2,20
72453118,Dsetto,2,20
62324926,xLuckyDog,2,20
62211153,Votacorsa,2,20
107885557,axurella,2,20
41526136,klamczuszek,2,20
104975697,SzeszGeri,2,20
104691202,g4mb1e,2,19
89674114,Schneedlew0odz,2,19
157897141,BrunoFach,2,19
119580143,FreePlayArcade,2,19
262099749,DodgerGaming,2,19
141162578,UniFlowShem,2,19
406768041,cre1g10,2,19
57632398,Smileandlike,2,19
150454118,NikkinsTV,2,19
41184549,Chacytay,2,19
133818509,the_naughty_fox,2,19
123809076,Bregermann,2,18
148260328,Chillin_Chance,2,18
114088421,thesquanchizreal,2,18
187918007,acedaves,2,18
415428001,BIOHAZARDcast,2,18
89982629,RxOliver,2,18
91027223,kronenjuve,2,18
107723878,Atro__,2,18
54688122,Jikonius,2,17
419098528,2_유야,2,17
41391088,Casketman20,2,17
135237646,codyzinn,2,17
235822172,M_KhaoS,2,17
126622620,phreakstation,2,17
422157892,lNephentus,2,16
125480477,AjilityPoints,2,16
432356917,6melanie6deen,2,16
232189920,Kiyukoh,2,16
225519448,Annihilatrix,2,16
88910745,Geruhn,2,16
264430063,Kazyr0,2,16
424013341,lxl_Dodo_lxl,2,16
2104597,CanisSkye,2,16
56758194,offpc,2,16
136192056,T33NW01F,2,16
203707685,SuperJBizzle,2,16
115268120,Aka_GiZmo,2,16
73120205,AtMorisTV,2,16
29397310,OCDPigeon,2,16
63446956,GSGChris,2,16
154845264,SilentLK,2,16
96541669,captainmilne,2,16
136894742,RoscoeSteele,2,16
70890781,BOBBYJOE75,2,16
67184057,Curtissimo41,2,16
84404819,MacDaddehBoo,2,16
151811976,TOMBraider174,2,15
194748034,GoToEloy,2,15
146571797,fiendishmora,2,15
49180001,Atrandos,2,15
167068447,CMDR_Baize,2,15
170920867,Malassa,2,15
158305203,Chinney98,2,15
472028407,ArcGen,2,15
58603045,ConquerTheJohn,2,15
150481927,sandman369,2,15
280780619,ser1ive,2,15
75494415,TemptressTeelia,2,15
74575535,FacelessTurtles,2,15
87575463,xXCrusherXx,2,15
168126664,LoWsDominios,2,15
178030339,GamesandGadgetsTV,2,15
460258465,TheExplosiveMike,2,15
8014184,Guniko7,2,15
102571072,Sid579troublemaker,2,15
150551018,jamyan_,2,15
434924193,Misolation,2,15
55325945,elcrockmou,2,15
1870144,Bandelp,2,15
267583586,RankOneSlayer,2,14
154629868,Un_C3NSOR3D,2,14
37536441,pokemaobr,2,14
127478829,fuzzy_skull,2,14
79064696,NoviekPG,2,14
176079156,NicheLow,2,14
488936961,6neww,2,14
130453410,PantherzZtv,2,14
50578227,thebugsarebad,2,14
99364994,zeus_ls_,2,14
433189806,Dystria,2,14
37023573,Big_Buppo,2,14
25928084,XyloLazer,2,14
440939481,saucemario21,2,14
119351769,MrVengeancetv,2,14
43311125,SixteenBitNinja,2,14
153463284,BudCaveTV,2,14
157281107,COL8ROCKS,2,14
52727907,CAPTAINP67,2,14
202747507,Merttgl11,2,14
177894868,AceOfKnaves418,2,13
247421736,Bahzahroek,2,13
422647343,CynfulShewolf,2,13
2098701,DatGuyHavok,2,13
197615594,nikitaberkutovtv,2,13
196024159,Scymia,2,13
115699278,LaturaTV,2,13
39346925,Addled,2,13
41463743,Q8_OuTLaWz,2,13
147654995,Wolfes_RL,2,13
113975502,DerBaerliner,2,13
85160342,liilys,2,13
66642509,Rheema,2,13
123922481,GordonFreeman_Z,2,13
96978321,maikblond,2,13
71493364,SpeedTixi,2,13
105370712,NunesDG,2,13
83025891,PaKeTeMaN_TheOriginal,2,13
187789152,aC0C0NUT,2,13
227946331,amethyst23gamer,2,13
179105458,CotieCat,2,13
247032327,bostonchrisgaming,2,13
134250297,rafitabarajas,2,13
37702586,H4mst0R,2,13
32133951,Spider_LIVE,2,12
53249432,Woopidoo,2,12
413834424,snowoneimportant,2,12
53798694,SyNxChaos,2,12
27951296,ReworsTV,2,12
168426343,Sopluu,2,12
130104492,Uthertan,2,12
162252085,TheNumber1ManInBush,2,12
97350583,HikoSake,2,12
271261698,srta_taiga,2,12
52380955,flavis35,2,12
56702765,Nightyz0r,2,12
229662978,VicManTw,2,12
72636796,Wonkyorc,2,12
52006088,MrTheDarkKnight,2,11
44788087,Bahedur,2,11
44202477,tsarap,2,11
48530556,j3xrg,2,11
48943321,varkith89,2,11
120930627,VeroN_O3O,2,11
99238002,SharkFlynnSoup,2,11
5285686,Dracorath,2,11
274163470,JSalcs,2,11
424342452,BarkinKizil,2,11
116020572,iSilenced__,2,11
62822144,shimada_tiger,2,11
127286939,izioletterin,2,11
112709993,blacklionlp92,2,11
127468343,NatuTv,2,11
65182560,Quagmire1428,2,11
146826354,RandomSurge,2,11
71978172,Tbone3wJr,2,11
75005091,PapaZeraphiel,2,11
129381122,Rin_Ree,2,11
105766774,RiddlingCone,2,11
167916219,Tajika79,2,11
130434140,BrunoMalloy,2,11
130650459,JimmyD31,2,11
30883641,Flane4,2,11
38182046,SacredUno,2,11
134695174,ladydragonhawke,2,11
36278939,Kyojitsu,2,11
97556989,lacompagniedesgeeks,2,11
45297784,Riojana,2,11
45240341,DaeronVII,2,10
37650293,mellamoalej,2,10
37550673,Bam_Cake,2,10
250818844,hQoplah,2,10
47819366,tabascoooooo,2,10
75164500,heckvetica,2,10
100217885,Abinsure,2,10
64360521,Gumby484,2,10
46120370,Chechanox33,2,10
130259828,El_TaLiuS,2,10
82296723,PotterMIA,2,10
136344885,Joizma,2,10
402603936,shelovedrama,2,10
65736104,zestyhorror,2,10
110400708,trotop,2,10
62742209,Kawett_Tv,2,10
176848787,realblackwalker,2,10
136034993,Evil_159,2,10
127102447,DaniGCU,2,10
71231774,coldkarma1,2,10
80924407,Hotaconquest,2,10
462894711,NinjaNickLive,2,10
160338355,SeanOfTheBeard,2,9
44075879,zAbikebuk,2,9
120863667,cookie6994,2,9
173972357,BocatadeCofre,2,9
403351714,Keegan_GDiegen,2,9
42864121,LakeSolon,2,9
185514715,WynyardTV,2,9
44623970,skio147,2,9
99587956,Blazing_ronin,2,9
109019734,gubschmann,2,9
58789575,josedekcr,2,9
445784296,KachuniGirl,2,9
54591772,Nadril_TV,2,9
57643592,Patwowo,2,9
77244330,DrDexxer,2,9
3727835,Deckerd,2,9
453530296,Shimdog_BrachyDIO,2,9
91782943,ice_butt,2,9
475729371,r_e_a_k_t_o_r,2,9
55326843,ChronoGerbil,2,9
158288488,GiulioSeven_,2,9
97487527,Lunaticim,2,9
499824878,tleo91,2,9
52504237,GlassJaw_,2,9
118488034,Plant_Lamp,2,9
45729063,Graivey,2,9
88610776,Cragon,2,9
228611428,Rula_Ashvure,2,9
84858382,Jddentz1639,2,9
150208925,KitsueNaee,2,9
4915486,FreaKyTaco,2,9
428984035,mentoz_s,2,9
30481626,Decinoge,2,8
43153297,Blechfaust,2,8
82254771,BazzerkerGamer,2,8
38747941,ThePugTater,2,8
149735606,Fairytalelp,2,8
83718198,Hippykinss,2,8
175996833,StefenMatias,2,8
71631415,GrindHard,2,8
190038903,tomgee,2,8
123437262,chillnaga,2,8
115652134,BatShivCrazyTv,2,8
46843386,Krytshek,2,8
32464097,LycanAlpha,2,8
94083843,OGRayGun,2,8
416025710,Arriies,2,8
29359948,IdenTaShi,2,8
471082346,Papikos,2,8
68114424,M3rchant,2,8
44398344,Variant_Vision,2,8
213565002,bigboyye_gaming,2,8
122777413,GMonkii,2,8
78215180,lamadoge,2,8
79654101,fenix_down25,2,8
80029552,RDante,2,8
43108863,wobbzie,2,8
157772627,herokilla,2,7
196300621,GOONFRO,2,7
22687352,Teri5a,2,7
144410644,ForsakenSpartan,2,7
486165862,MythicMatt,2,7
39129732,Moodman,2,7
90654144,MaxPoetic,2,7
231581037,ReddevilFM,2,7
112038807,OrangeXIV,2,7
469859668,CasualResort,2,7
501889947,bobo115,2,7
101130530,JessiePanda92,2,7
183704366,GeryoneusS,2,7
222355346,sorayitaa10,2,7
468593440,TwoTitsPlayTat,2,7
94909717,RheikaAlasdair,2,7
265837356,Bikaruu,2,7
100259019,hugao_,2,7
497342196,CleoZanluchi,2,7
51878159,Skeiy,2,7
464437126,TarratorCZ,2,7
236502057,ancient_gate,2,7
175553135,SuperFatYoh,2,7
81674522,Derthcobra,2,7
460388143,CherrybombProd,2,7
63297971,iamtheterry,2,7
35683079,Sevla37,2,7
514219676,prideiq,2,7
119993052,goodrobjob,2,7
477712765,WZKennedy,2,7
9264716,5hame,2,7
39721649,elpierrot,2,7
129609537,Lucierbo,2,7
145504914,Woedgios,2,7
91372037,ichhabnenkorbb,2,7
69630659,NaughtyGoose,2,6
71002637,ElTonno84,2,6
109190265,Kratein,2,6
460237211,kevomelee1,2,6
412193564,MastaSwampking,2,6
194121351,TLMasterOfNuggets,2,6
74106655,Drewski1989,2,6
198759039,mw3reyalfa,2,6
59315071,Deeter1910,2,6
205508911,pinkcatdoll,2,6
57979782,BulexNoTex,2,6
56795887,bigode98,2,6
219173410,Pedrox_94,2,6
106449424,MasterYamcha,2,6
166278607,machetestation,2,6
141997485,sorrybrotv,2,6
38894165,CrispyCreamyRL,2,6
50134069,KONFLICTZZz,2,6
265881449,RexXxeT,2,6
102847990,TyyDean,2,6
121986353,serluciusfox,2,6
26495809,Avesneakz,2,6
123981184,Taurus_GamingTV,2,6
160036071,Yabusame,2,6
138963885,NomadEric,2,6
90067067,CMDR_Zoltha,2,6
486316391,dirus_tv,2,6
37698620,Nekomium,2,6
48423185,MrYonext,2,6
101358830,TavernaDoWill,2,6
463242398,jdozu,2,6
460318658,KourotOphy,2,6
128003679,Ethrilis,2,6
180450350,Its_a_NeeBz,2,6
405532978,Nutrixa,2,6
192710050,OxyPolarTV,2,5
238706908,over_clouded,2,5
130159411,DA_Norsy,2,5
133569848,prest177,2,5
44815417,HandicapableOne,2,5
160208677,TDGWI,2,5
27257747,Fenrack,2,5
403686491,saint_gamingx,2,5
125456856,ViperSpielt,2,5
26605697,DeezTheMan,2,5
68609715,TCHE_BARBARIDADE,2,5
78048131,Charlster,2,5
40596032,judaah,2,5
49866538,KeiserKreature,2,5
180986235,NastenaPikchu,2,5
124472193,WolfingDream,2,5
154454355,damngenio,2,5
276005674,ThibChopp,2,5
125944582,Luttilizateur,2,5
84144697,conquestitalia,2,5
511930210,skinnysmashdudes,2,5
47332688,lectorus,2,5
37373106,RKader,2,5
419447054,vikisanime,2,5
46238200,R41ChuZ,2,5
270164247,S_i_t_r_i,2,5
207595468,GromHellScream67,2,5
408004246,killerelli123,2,5
106022224,FieseSchlange,2,5
44653008,Ph0bes,2,5
23166307,Niam,2,5
267877141,lonewolfpak,2,5
32701206,DarkTsume,2,5
170937279,PhanderX,2,5
69024538,HellsPatrol,2,5
29601786,MoreThenThree,2,5
279792300,우리엘_불면증,2,5
114900423,nolife33,2,5
495405334,JuLoSoLo,2,4
27260153,UNIT_01,2,4
241862747,FornalhaDoDesvanecer,2,4
58538188,nikkimcgeeks,2,4
416701907,zomeesa,2,4
167324359,neilhurrell1979,2,4
170348674,MMOYeti,2,4
38901138,LeonHimura8,2,4
437368806,qclowns,2,4
515110128,STREAMNAYA,2,4
429314652,Anxitality,2,4
104990437,magoua47,2,4
183521972,Renanzzinhu,2,4
76052595,KinakoBoi,2,4
447936507,CapeSquare,2,4
22940469,Vrts,2,4
132212975,CodeSixx_,2,4
98575736,Diablounet,2,4
159106763,Servant_Mimiko,2,4
35698475,Parruna,2,4
515629472,reheka,2,4
119082955,SajkoGaming,2,4
108929439,liamfireblade,2,4
145043865,KMGravy27,2,4
187155349,DuBecoGames,2,4
448553257,arahnatas,2,3
501613500,KeterM,2,3
52869874,italiansgamers,2,3
105668837,lucascrystian,2,3
49102889,ReliefGamer,2,3
131588284,MongoSmash,2,3
78131674,Lassysenpai,2,3
129988779,sombre_ori,2,3
244997965,therealogtone,2,3
479873347,GetSmileInHD,2,3
258613163,OreosAreSumptuous,2,3
92244030,kinglightskinn1,2,3
76431276,Helfdan3,2,3
444399408,Olczkul,2,3
93424022,Smokin_Acer,2,3
185157860,pedroplatinum,2,3
255683655,AFallenShadow,2,3
173081595,DeadlyNightshade666,2,3
128637092,chargerdersleicher,2,3
152018744,SorenAudron,2,3
156871013,VarienOne,2,3
26075964,GameAttempts,2,3
400994565,bc_toast,2,3
166993177,MrD1G1TAL,2,3
410252906,ketsuiexe,2,3
81524274,DizZyThaArtist,2,3
109560405,awolnum,2,2
149177641,DougBorges,2,2
88941405,Abdala_,2,2
92827033,LewieLewTV,2,2
71245298,oscar5500,2,2
30743103,Amegashi,2,2
108132992,czTRASH,2,2
60567040,AlexiFiori,2,2
73867154,TherconJair,2,2
513106978,lllToxinlll,2,2
168156611,BeiMschaa,2,2
193804634,theCopperhead,2,2
243879296,MatiasLocote1,2,2
152462830,AlexTheHotDog,2,2
193771348,ricardol33,2,1
40536996,Tomchuu,2,1
420164348,kubiceek32,2,1
92291309,shadowlites1,2,1
92125792,Dr_Johntek,2,1
43824680,GrimnessReaper,2,1
150509756,milosim,2,1
48628393,ChaudFion,2,0
